{
    "F100":  {
                 "icon":  "./images/deviceicons/viprion_c2400.png",
                 "softwareVersions":  [

                                     ],
                 "hardwareType": "chassis"
             },
    "D112":  {
                 "icon":  "./images/deviceicons/10x00.png",
                 "softwareVersions":  [
                                         "11.5.5",
                                         "11.6.0 HF2 - 11.6.3",
                                         "12.0.0 - 12.1.3",
                                         "13.0.0 - 13.1.0",
                                         "11.5.4 - 11.5.5",
                                         "11.6.0 HF2 - 11.6.3",
                                         "12.0.0 HF1 - 12.1.3",
                                         "13.0.0 - 13.1.0"
                                     ],
                 "hardwareType": "appliance"
             },
    "D110":  {
                 "icon":  "./images/deviceicons/7x00.png",
                 "softwareVersions":  [
                                         "11.4.0 - 11.5.5",
                                         "11.6.0 - 11.6.3",
                                         "12.0.0 - 12.1.3",
                                         "13.0.0 - 13.1.0,",
                                         "11.4.1 HF3 - 11.5.5",
                                         "11.6.0 - 11.6.3",
                                         "12.0.0 - 12.1.3",
                                         "13.0.0 - 13.1.0",
                                         "11.5.3 - 11.5.5",
                                         "12.0.0 - 12.1.3",
                                         "13.0.0 - 13.1.0"
                                     ],
                 "hardwareType": "appliance"
             },
    "D106":  {
                 "icon":  "./images/deviceicons/89x0.png",
                 "softwareVersions":  [
                                         "9.4.7 - 9.4.8",
                                         "10.0.0 - 10.2.4",
                                         "11.0.0 - 11.5.5",
                                         "11.6.0 - 11.6.3",
                                         "12.0.0 - 12.1.3"
                                     ],
                 "hardwareType": "appliance"
             },
    "D104":  {
                 "icon":  "./images/deviceicons/6900.png",
                 "softwareVersions":  [
                                         "9.4.6 - 9.4.8",
                                         "10.0.0 - 10.2.4",
                                         "11.0.0 - 11.5.5",
                                         "11.6.0 - 11.6.3",
                                         "12.0.0 - 12.1.3",
                                         "9.4.7 - 9.4.8",
                                         "10.0.0 - 10.2.4",
                                         "11.0.0 - 11.5.5",
                                         "11.6.0 - 11.6.3",
                                         "12.0.0 - 12.1.3",
                                         "13.0.0 - 13.1.0",
                                         "11.0.0 - 11.5.5",
                                         "11.6.0 - 11.6.3",
                                         "12.0.0 - 12.1.3"
                                     ],
                 "hardwareType": "appliance"
             },
    "C103":  {
                 "icon":  "./images/deviceicons/3600.png",
                 "softwareVersions":  [
                                         "9.4.5 - 9.4.8",
                                         "10.0.0 - 10.2.4",
                                         "11.0.0 - 11.5.4",
                                         "11.6.0 - 11.6.1",
                                         "12.0.0 - 12.1.2"
                                     ],
                 "hardwareType": "appliance"
             },
    "D113":  {
                 "icon":  "./images/deviceicons/10x00.png",
                 "softwareVersions":  [
                                         "11.3.0 - 11.5.5",
                                         "11.6.0 - 11.6.3",
                                         "12.0.0 - 12.1.3",
                                         "13.0.0 - 13.1.0",
                                         "11.4.1 HF3 - 11.5.5",
                                         "11.6.0 - 11.6.3",
                                         "12.0.0 - 12.1.3",
                                         "13.0.0 - 13.1.0",
                                         "11.5.3 - 11.5.5",
                                         "11.6.1 - 11.6.3",
                                         "12.0.0 - 12.1.3",
                                         "13.0.0 - 13.1.0"
                                     ],
                 "hardwareType": "appliance"
             },
    "E102":  {
                 "icon":  "./images/deviceicons/11x00.png",
                 "softwareVersions":  [
                                         "10.2.0 - 10.2.4",
                                         "11.0.0 - 11.5.5",
                                         "11.6.0 - 11.6.3",
                                         "12.0.0 - 12.1.3",
                                         "13.0.0 - 13.1.0"
                                     ],
                 "hardwareType": "appliance"
             },
    "C102":  {
                 "icon":  "./images/deviceicons/1600.png",
                 "softwareVersions":  [
                                         "9.4.5 - 9.4.8",
                                         "10.0.0 - 10.2.4",
                                         "11.0.0 - 11.5.4",
                                         "11.6.0 - 11.6.1",
                                         "12.0.0 - 12.1.2"
                                     ],
                 "hardwareType": "appliance"
             },
    "C106":  {
                 "icon":  "./images/deviceicons/3900.png",
                 "softwareVersions":  [
                                         "9.4.8",
                                         "10.1.0",
                                         "10.2.0 - 10.2.4",
                                         "11.0.0 - 11.5.5",
                                         "11.6.0 - 11.6.3",
                                         "12.0.0 - 12.1.3"
                                     ],
                 "hardwareType": "appliance"
             },
    "J102":  {
                 "icon":  "./images/deviceicons/viprion_4400.png",
                 "softwareVersions":  [

                                     ],
                 "hardwareType": "chassis"
             },
    "D88":  {
                "icon":  "./images/deviceicons/89x0.png",
                "softwareVersions":  [
                                        "9.4.0 - 9.4.8",
                                        "10.0.0 - 10.2.4",
                                        "11.0.0 - 11.1.0**"
                                    ],
                 "hardwareType": "appliance"
            },
    "S100":  {
                 "icon":  "./images/deviceicons/viprion_c4800.png",
                 "softwareVersions":  [

                                     ],
                 "hardwareType": "chassis"
             },
    "A114":  {
                 "icon":  "./images/deviceicons/viprion_c4800.png",
                 "softwareVersions":  [

                                     ],
                 "hardwareType": "blade"
             },
    "E101":  {
                 "icon":  "./images/deviceicons/11x00.png",
                 "softwareVersions":  [
                                         "11.0.0 - 11.5.5",
                                         "11.6.0 - 11.6.3",
                                         "12.0.0 - 12.1.3",
                                         "13.0.0 - 13.1.0"
                                     ],
                 "hardwareType": "appliance"
             },
    "C113":  {
                 "icon":  "./images/deviceicons/4000.png",
                 "softwareVersions":  [
                                         "11.2.1 - 11.5.5",
                                         "11.6.0 - 11.6.3",
                                         "12.0.0 - 12.1.3",
                                         "13.0.0 - 13.1.0"
                                     ],
                 "hardwareType": "appliance"
             },
    "J100":  {
                 "icon":  "./images/deviceicons/viprion_4400.png",
                 "softwareVersions":  [

                                     ],
                 "hardwareType": "chassis"
             },
    "A100":  {
                 "icon":  "./images/deviceicons/viprion_4400.png",
                 "softwareVersions":  [

                                     ],
                 "hardwareType": "blade"
             },
    "A107":  {
                 "icon":  "./images/deviceicons/viprion_4400.png",
                 "softwareVersions":  [

                                     ],
                 "hardwareType": "blade"
             },
    "A108":  {
                 "icon":  "./images/deviceicons/viprion_4400.png",
                 "softwareVersions":  [

                                     ],
                 "hardwareType": "blade"
             },
    "A110":  {
                 "icon":  "./images/deviceicons/viprion_4400.png",
                 "softwareVersions":  [

                                     ],
                 "hardwareType": "blade"
             },
    "C109":  {
                 "icon":  "./images/deviceicons/5000.png",
                 "softwareVersions":  [
                                         "11.4.0 - 11.5.5",
                                         "11.6.0 - 11.6.3",
                                         "12.0.0 - 12.1.3",
                                         "13.0.0 - 13.1.0",
                                         "11.4.1 HF3 - 11.5.5",
                                         "11.6.0 - 11.6.3",
                                         "12.0.0 - 12.1.3",
                                         "13.0.0 - 13.1.0"
                                     ],
                 "hardwareType": "appliance"
             },
    "D114":  {
                 "icon":  "./images/deviceicons/viprion_c2400.png",
                 "softwareVersions":  [

                                     ],
                 "hardwareType": "chassis"
             },
    "A109":  {
                 "icon":  "./images/deviceicons/viprion_c2400.png",
                 "softwareVersions":  [

                                     ],
                 "hardwareType": "blade"
             },
    "A112":  {
                 "icon":  "./images/deviceicons/viprion_c2400.png",
                 "softwareVersions":  [

                                     ],
                 "hardwareType": "chassis"
             },
    "A113":  {
                 "icon":  "./images/deviceicons/viprion_c2400.png",
                 "softwareVersions":  [

                                     ],
                 "hardwareType": "blade"
             },
    "C112":  {
                 "icon":  "./images/deviceicons/2x00.png",
                 "softwareVersions":  [
                                         "11.2.1 - 11.6.3",
                                         "12.0.0 - 12.1.3",
                                         "13.0.0 - 13.1.0"
                                     ],
                 "hardwareType": "appliance"
             },
    "C114":  {
                 "icon":  "./images/deviceicons/2x00.png",
                 "softwareVersions":  [
                                         "11.4.0 HF2 - 11.6.3",
                                         "12.0.0 - 12.1.3",
                                         "13.0.0 - 13.1.0"
                                     ]
             },
    "D63":  {
                "icon":  "./images/deviceicons/unknowndevice.png",
                "softwareVersions":  [
                                        "9.0.0 - 9.1.3",
                                        "9.2.0 - 9.2.5",
                                        "9.3.0 - 9.3.1",
                                        "9.4.0 - 9.4.8",
                                        "10.0.0 - 10.2.4",
                                        "11.0.0 - 11.1.0**"
                                    ],
                 "hardwareType": "appliance"
            },
    "D111":  {
                 "icon":  "./images/deviceicons/10x00.png",
                 "softwareVersions":  [
                                         "11.5.5",
                                         "11.6.0 HF2 - 11.6.3",
                                         "12.0.0 - 12.1.3",
                                         "13.0.0 - 13.1.0"
                                     ],
                 "hardwareType": "appliance"
             },
    "D107":  {
                 "icon":  "./images/deviceicons/89x0.png",
                 "softwareVersions":  [
                                         "10.2.0 - 10.2.4",
                                         "11.0.0 - 11.5.5",
                                         "11.6.0 - 11.6.3",
                                         "12.0.0 - 12.1.3",
                                         "10.2.2 - 10.2.4",
                                         "11.0.0 - 11.5.5",
                                         "11.6.0 - 11.6.3",
                                         "12.0.0 - 12.1.3"
                                     ],
                 "hardwareType": "appliance"
             },
    "Z100":  {
        "icon": "./images/deviceicons/virtual_edition.png",
        "softwareVersions": [],
        "hardwareType": "virtual"
    },
    "Z101":  {
        "icon": "./images/deviceicons/virtual_edition.png",
        "softwareVersions": [],
        "hardwareType": "virtual"
    },
    "C118":  {
                 "icon":  "./images/deviceicons/i7000.png",
                 "softwareVersion":  [
                                         "12.1.1 HF2 - 12.1.3",
                                         "13.0.0 - 13.1.0"
                                     ]
             },
    "C115":  {
                 "icon":  "./images/deviceicons/i4000.png",
                 "softwareVersion":  [
                                         "12.1.1 HF2 - 12.1.3",
                                         "13.0.0 - 13.1.0"
                                     ]
             },
    "C117":  {
                 "icon":  "./images/deviceicons/i2000.png",
                 "softwareVersion":  [
                                         "12.1.3"
                                     ]
             },
    "C119":  {
                 "icon":  "./images/deviceicons/i5000.png",
                 "softwareVersion":  [
                                         "12.1.1 HF2 - 12.1.3",
                                         "13.0.0 - 13.1.0"
                                     ]
             },
    "C116":  {
                 "icon":  "./images/deviceicons/i10000.png",
                 "softwareVersion":  [
                                         "12.1.1 HF2 - 12.1.3",
                                         "13.0.0 - 13.1.0"
                                     ]
             },
    "C123":  {
                 "icon":  "./images/deviceicons/i10000.png",
                 "softwareVersion":  [
                                         "12.1.3",
                                         "13.1.0"
                                     ]
             }
}
