[
    {
        "fileName":  "/Common/ca-bundle.crt",
        "expirationDate":  1534204740,
        "subject":  {
                        "commonName":  "GTE CyberTrust Global Root",
                        "countryName":  "US",
                        "stateName":  "",
                        "localityName":  "",
                        "organizationName":  "GTE Corporation",
                        "divisionName":  "GTE CyberTrust Solutions, Inc."
                    },
        "issuer":  {
                       "commonName":  "GTE CyberTrust Global Root",
                       "countryName":  "US",
                       "stateName":  "",
                       "localityName":  "",
                       "organizationName":  "GTE Corporation",
                       "divisionName":  "GTE CyberTrust Solutions, Inc."
                   },
        "loadbalancer":  "slb-bbz-a.ldschurch.org"
    },
    {
        "fileName":  "/Common/Comodo.crt",
        "expirationDate":  1350659391,
        "subject":  {
                        "commonName":  "AAA Certificate Services",
                        "countryName":  "GB",
                        "stateName":  "Greater Manchester",
                        "localityName":  "Salford",
                        "organizationName":  "Comodo CA Limited",
                        "divisionName":  ""
                    },
        "issuer":  {
                       "commonName":  "Entrust.net Secure Server Certification Authority",
                       "countryName":  "US",
                       "stateName":  "",
                       "localityName":  "",
                       "organizationName":  "Entrust.net",
                       "divisionName":  "(c) 1999 Entrust.net Limited"
                   },
        "loadbalancer":  "slb-bbz-a.ldschurch.org"
    },
    {
        "fileName":  "/Common/ComodoHA2.crt",
        "expirationDate":  1590835718,
        "subject":  {
                        "commonName":  "COMODO High-Assurance Secure Server CA",
                        "countryName":  "GB",
                        "stateName":  "Greater Manchester",
                        "localityName":  "Salford",
                        "organizationName":  "COMODO CA Limited",
                        "divisionName":  ""
                    },
        "issuer":  {
                       "commonName":  "AddTrust External CA Root",
                       "countryName":  "SE",
                       "stateName":  "",
                       "localityName":  "",
                       "organizationName":  "AddTrust AB",
                       "divisionName":  "AddTrust External TTP Network"
                   },
        "loadbalancer":  "slb-bbz-a.ldschurch.org"
    },
    {
        "fileName":  "/Common/default.crt",
        "expirationDate":  1576598504,
        "subject":  {
                        "commonName":  "localhost.localdomain",
                        "countryName":  "US",
                        "stateName":  "WA",
                        "localityName":  "Seattle",
                        "organizationName":  "MyCompany",
                        "divisionName":  "IT"
                    },
        "issuer":  {
                       "commonName":  "localhost.localdomain",
                       "countryName":  "US",
                       "stateName":  "WA",
                       "localityName":  "Seattle",
                       "organizationName":  "MyCompany",
                       "divisionName":  "IT"
                   },
        "loadbalancer":  "slb-bbz-a.ldschurch.org"
    },
    {
        "fileName":  "/Common/DigiCertCA.crt",
        "expirationDate":  1855828800,
        "subject":  {
                        "commonName":  "DigiCert SHA2 High Assurance Server CA",
                        "countryName":  "US",
                        "stateName":  "",
                        "localityName":  "",
                        "organizationName":  "DigiCert Inc",
                        "divisionName":  "www.digicert.com"
                    },
        "issuer":  {
                       "commonName":  "DigiCert High Assurance EV Root CA",
                       "countryName":  "US",
                       "stateName":  "",
                       "localityName":  "",
                       "organizationName":  "DigiCert Inc",
                       "divisionName":  "www.digicert.com"
                   },
        "loadbalancer":  "slb-bbz-a.ldschurch.org"
    },
    {
        "fileName":  "/Common/f5-irule.crt",
        "expirationDate":  1944422489,
        "subject":  {
                        "commonName":  "support.f5.com",
                        "countryName":  "US",
                        "stateName":  "Washington",
                        "localityName":  "Seattle",
                        "organizationName":  "F5 Networks",
                        "divisionName":  "Product Development"
                    },
        "issuer":  {
                       "commonName":  "support.f5.com",
                       "countryName":  "US",
                       "stateName":  "Washington",
                       "localityName":  "Seattle",
                       "organizationName":  "F5 Networks",
                       "divisionName":  "Product Development"
                   },
        "loadbalancer":  "slb-bbz-a.ldschurch.org"
    },
    {
        "fileName":  "/Common/lds-cap-intermediate.crt",
        "expirationDate":  1541363716,
        "subject":  {
                        "commonName":  "LDSCAP1",
                        "countryName":  "",
                        "stateName":  "",
                        "localityName":  "",
                        "organizationName":  "",
                        "divisionName":  ""
                    },
        "issuer":  {
                       "commonName":  "LDSROOTCA1",
                       "countryName":  "",
                       "stateName":  "",
                       "localityName":  "",
                       "organizationName":  "",
                       "divisionName":  ""
                   },
        "loadbalancer":  "slb-bbz-a.ldschurch.org"
    },
    {
        "fileName":  "/Common/lds-caroot.crt",
        "expirationDate":  1856593291,
        "subject":  {
                        "commonName":  "LDSROOTCA1",
                        "countryName":  "",
                        "stateName":  "",
                        "localityName":  "",
                        "organizationName":  "",
                        "divisionName":  ""
                    },
        "issuer":  {
                       "commonName":  "LDSROOTCA1",
                       "countryName":  "",
                       "stateName":  "",
                       "localityName":  "",
                       "organizationName":  "",
                       "divisionName":  ""
                   },
        "loadbalancer":  "slb-bbz-a.ldschurch.org"
    },
    {
        "fileName":  "/Common/mail.ldschurch.org.crt",
        "expirationDate":  1389398399,
        "subject":  {
                        "commonName":  "mail.ldschurch.org",
                        "countryName":  "US",
                        "stateName":  "Utah,postalCode=84150",
                        "localityName":  "Salt Lake City",
                        "organizationName":  "Intellectual Reserve Inc.,street=50 E. North Temple Street,street=Rm 1888",
                        "divisionName":  "Comodo Unified Communications"
                    },
        "issuer":  {
                       "commonName":  "USERTrust Legacy Secure Server CA",
                       "countryName":  "US",
                       "stateName":  "UT",
                       "localityName":  "Salt Lake City",
                       "organizationName":  "The USERTRUST Network",
                       "divisionName":  ""
                   },
        "loadbalancer":  "slb-bbz-a.ldschurch.org"
    },
    {
        "fileName":  "/Common/new-star.ldschurch.org.crt",
        "expirationDate":  1555502400,
        "subject":  {
                        "commonName":  "*.ldschurch.org",
                        "countryName":  "US",
                        "stateName":  "Utah",
                        "localityName":  "Salt Lake City",
                        "organizationName":  "Intellectual Reserve Inc.",
                        "divisionName":  "Intellectual Reserve Inc."
                    },
        "issuer":  {
                       "commonName":  "DigiCert SHA2 High Assurance Server CA",
                       "countryName":  "US",
                       "stateName":  "",
                       "localityName":  "",
                       "organizationName":  "DigiCert Inc",
                       "divisionName":  "www.digicert.com"
                   },
        "loadbalancer":  "slb-bbz-a.ldschurch.org"
    },
    {
        "fileName":  "/Common/OrganizationalCA.crt",
        "expirationDate":  1398715748,
        "subject":  {
                        "commonName":  "",
                        "countryName":  "",
                        "stateName":  "",
                        "localityName":  "",
                        "organizationName":  "LDS",
                        "divisionName":  "Organizational CA"
                    },
        "issuer":  {
                       "commonName":  "",
                       "countryName":  "",
                       "stateName":  "",
                       "localityName":  "",
                       "organizationName":  "LDS",
                       "divisionName":  "Organizational CA"
                   },
        "loadbalancer":  "slb-bbz-a.ldschurch.org"
    },
    {
        "fileName":  "/Common/star.ldschurch.org.crt",
        "expirationDate":  1433625439,
        "subject":  {
                        "commonName":  "*.ldschurch.org",
                        "countryName":  "US",
                        "stateName":  "Utah",
                        "localityName":  "Salt Lake City",
                        "organizationName":  "Intellectual Reserve Inc",
                        "divisionName":  "Intellectual Reserve Inc"
                    },
        "issuer":  {
                       "commonName":  "LDSCAX1,DC=ldschurch,DC=org",
                       "countryName":  "ldschurch,DC=org",
                       "stateName":  "",
                       "localityName":  "",
                       "organizationName":  "",
                       "divisionName":  ""
                   },
        "loadbalancer":  "slb-bbz-a.ldschurch.org"
    },
    {
        "fileName":  "/Common/star1.ldschurch.org.crt",
        "expirationDate":  1489060800,
        "subject":  {
                        "commonName":  "*.ldschurch.org",
                        "countryName":  "US",
                        "stateName":  "Utah",
                        "localityName":  "Salt Lake City",
                        "organizationName":  "Intellectual Reserve Inc.",
                        "divisionName":  ""
                    },
        "issuer":  {
                       "commonName":  "DigiCert SHA2 High Assurance Server CA",
                       "countryName":  "US",
                       "stateName":  "",
                       "localityName":  "",
                       "organizationName":  "DigiCert Inc",
                       "divisionName":  "www.digicert.com"
                   },
        "loadbalancer":  "slb-bbz-a.ldschurch.org"
    },
    {
        "fileName":  "/Common/TEST_ROOT_CA_ESLOAN.crt",
        "expirationDate":  1952035200,
        "subject":  {
                        "commonName":  "DigiCert High Assurance EV Root CA",
                        "countryName":  "US",
                        "stateName":  "",
                        "localityName":  "",
                        "organizationName":  "DigiCert Inc",
                        "divisionName":  "www.digicert.com"
                    },
        "issuer":  {
                       "commonName":  "DigiCert High Assurance EV Root CA",
                       "countryName":  "US",
                       "stateName":  "",
                       "localityName":  "",
                       "organizationName":  "DigiCert Inc",
                       "divisionName":  "www.digicert.com"
                   },
        "loadbalancer":  "slb-bbz-a.ldschurch.org"
    }
]