[
    {
        "name":  "slb-bbz-a.ldschurch.org",
        "ip":  "10.102.20.26",
        "version":  "11.6.0",
        "build":  "6.0.442",
        "baseBuild":  "",
        "model":  "C102",
        "category":  "1600",
        "serial":  "f5-skhc-gusx",
        "active":  true,
        "isonlydevice":  false,
        "color":  "green",
        "modules":  {
                        "LTM":  "The Local Traffic Manager Module."
                    },
        "statusvip":  {
                          "url":  "https://slb-bbz-s.ldschurch.org",
                          "working":  null,
                          "state":  null
                      },
        "success":  true
    },
    {
        "name":  "slb-bbz-b.ldschurch.org",
        "ip":  "10.102.20.27",
        "version":  "11.6.0",
        "build":  "6.0.442",
        "baseBuild":  "",
        "model":  "C102",
        "category":  "1600",
        "serial":  "f5-yqia-oayt",
        "active":  false,
        "isonlydevice":  false,
        "color":  "gray",
        "modules":  {
                        "LTM":  "The Local Traffic Manager Module."
                    },
        "statusvip":  {
                          "url":  "https://slb-bbz-s.ldschurch.org",
                          "working":  null,
                          "state":  null
                      },
        "success":  true
    }
]