{
  "A100": {
    "hardwareType": "blade",
    "icon": "images/deviceicons/viprion_4400.png",
    "softwareVersions": []
  },
  "A107": {
    "hardwareType": "blade",
    "icon": "images/deviceicons/viprion_4400.png",
    "softwareVersions": []
  },
  "A108": {
    "hardwareType": "blade",
    "icon": "images/deviceicons/viprion_4400.png",
    "softwareVersions": []
  },
  "A109": {
    "hardwareType": "blade",
    "icon": "images/deviceicons/viprion_c2400.png",
    "softwareVersions": []
  },
  "A110": {
    "hardwareType": "blade",
    "icon": "images/deviceicons/viprion_4400.png",
    "softwareVersions": []
  },
  "A112": {
    "hardwareType": "chassis",
    "icon": "images/deviceicons/viprion_c2400.png",
    "softwareVersions": []
  },
  "A113": {
    "hardwareType": "blade",
    "icon": "images/deviceicons/viprion_c2400.png",
    "softwareVersions": []
  },
  "A114": {
    "hardwareType": "blade",
    "icon": "images/deviceicons/viprion_c4800.png",
    "softwareVersions": []
  },
  "C102": {
    "hardwareType": "appliance",
    "icon": "images/deviceicons/1600.png",
    "softwareVersions": [
      "9.4.5 - 9.4.8",
      "10.0.0 - 10.2.4",
      "11.0.0 - 11.5.4",
      "11.6.0 - 11.6.1",
      "12.0.0 - 12.1.2"
    ]
  },
  "C103": {
    "hardwareType": "appliance",
    "icon": "images/deviceicons/3600.png",
    "softwareVersions": [
      "9.4.5 - 9.4.8",
      "10.0.0 - 10.2.4",
      "11.0.0 - 11.5.4",
      "11.6.0 - 11.6.1",
      "12.0.0 - 12.1.2"
    ]
  },
  "C106": {
    "hardwareType": "appliance",
    "icon": "images/deviceicons/3900.png",
    "softwareVersions": [
      "9.4.8",
      "10.1.0",
      "10.2.0 - 10.2.4",
      "11.0.0 - 11.5.5",
      "11.6.0 - 11.6.3",
      "12.0.0 - 12.1.3"
    ]
  },
  "C109": {
    "hardwareType": "appliance",
    "icon": "images/deviceicons/5000.png",
    "softwareVersions": [
      "11.4.0 - 11.5.5",
      "11.6.0 - 11.6.3",
      "12.0.0 - 12.1.3",
      "13.0.0 - 13.1.0",
      "11.4.1 HF3 - 11.5.5",
      "11.6.0 - 11.6.3",
      "12.0.0 - 12.1.3",
      "13.0.0 - 13.1.0"
    ]
  },
  "C112": {
    "hardwareType": "appliance",
    "icon": "images/deviceicons/2x00.png",
    "softwareVersions": [
      "11.2.1 - 11.6.3",
      "12.0.0 - 12.1.3",
      "13.0.0 - 13.1.0"
    ]
  },
  "C113": {
    "hardwareType": "appliance",
    "icon": "images/deviceicons/4000.png",
    "softwareVersions": [
      "11.2.1 - 11.5.5",
      "11.6.0 - 11.6.3",
      "12.0.0 - 12.1.3",
      "13.0.0 - 13.1.0"
    ]
  },
  "C114": {
    "icon": "images/deviceicons/2x00.png",
    "softwareVersions": [
      "11.4.0 HF2 - 11.6.3",
      "12.0.0 - 12.1.3",
      "13.0.0 - 13.1.0"
    ]
  },
  "C115": {
    "icon": "images/deviceicons/i4000.png",
    "softwareVersion": [
      "12.1.1 HF2 - 12.1.3",
      "13.0.0 - 13.1.0"
    ]
  },
  "C116": {
    "icon": "images/deviceicons/i10000.png",
    "softwareVersion": [
      "12.1.1 HF2 - 12.1.3",
      "13.0.0 - 13.1.0"
    ]
  },
  "C117": {
    "icon": "images/deviceicons/i2000.png",
    "softwareVersion": [
      "12.1.3"
    ]
  },
  "C118": {
    "icon": "images/deviceicons/i7000.png",
    "softwareVersion": [
      "12.1.1 HF2 - 12.1.3",
      "13.0.0 - 13.1.0"
    ]
  },
  "C119": {
    "icon": "images/deviceicons/i5000.png",
    "softwareVersion": [
      "12.1.1 HF2 - 12.1.3",
      "13.0.0 - 13.1.0"
    ]
  },
  "C123": {
    "icon": "images/deviceicons/i10000.png",
    "softwareVersion": [
      "12.1.3",
      "13.1.0"
    ]
  },
  "D104": {
    "hardwareType": "appliance",
    "icon": "images/deviceicons/6900.png",
    "softwareVersions": [
      "9.4.6 - 9.4.8",
      "10.0.0 - 10.2.4",
      "11.0.0 - 11.5.5",
      "11.6.0 - 11.6.3",
      "12.0.0 - 12.1.3",
      "9.4.7 - 9.4.8",
      "10.0.0 - 10.2.4",
      "11.0.0 - 11.5.5",
      "11.6.0 - 11.6.3",
      "12.0.0 - 12.1.3",
      "13.0.0 - 13.1.0",
      "11.0.0 - 11.5.5",
      "11.6.0 - 11.6.3",
      "12.0.0 - 12.1.3"
    ]
  },
  "D106": {
    "hardwareType": "appliance",
    "icon": "images/deviceicons/89x0.png",
    "softwareVersions": [
      "9.4.7 - 9.4.8",
      "10.0.0 - 10.2.4",
      "11.0.0 - 11.5.5",
      "11.6.0 - 11.6.3",
      "12.0.0 - 12.1.3"
    ]
  },
  "D107": {
    "hardwareType": "appliance",
    "icon": "images/deviceicons/89x0.png",
    "softwareVersions": [
      "10.2.0 - 10.2.4",
      "11.0.0 - 11.5.5",
      "11.6.0 - 11.6.3",
      "12.0.0 - 12.1.3",
      "10.2.2 - 10.2.4",
      "11.0.0 - 11.5.5",
      "11.6.0 - 11.6.3",
      "12.0.0 - 12.1.3"
    ]
  },
  "D110": {
    "hardwareType": "appliance",
    "icon": "images/deviceicons/7x00.png",
    "softwareVersions": [
      "11.4.0 - 11.5.5",
      "11.6.0 - 11.6.3",
      "12.0.0 - 12.1.3",
      "13.0.0 - 13.1.0,",
      "11.4.1 HF3 - 11.5.5",
      "11.6.0 - 11.6.3",
      "12.0.0 - 12.1.3",
      "13.0.0 - 13.1.0",
      "11.5.3 - 11.5.5",
      "12.0.0 - 12.1.3",
      "13.0.0 - 13.1.0"
    ]
  },
  "D111": {
    "hardwareType": "appliance",
    "icon": "images/deviceicons/10x00.png",
    "softwareVersions": [
      "11.5.5",
      "11.6.0 HF2 - 11.6.3",
      "12.0.0 - 12.1.3",
      "13.0.0 - 13.1.0"
    ]
  },
  "D112": {
    "hardwareType": "appliance",
    "icon": "images/deviceicons/10x00.png",
    "softwareVersions": [
      "11.5.5",
      "11.6.0 HF2 - 11.6.3",
      "12.0.0 - 12.1.3",
      "13.0.0 - 13.1.0",
      "11.5.4 - 11.5.5",
      "11.6.0 HF2 - 11.6.3",
      "12.0.0 HF1 - 12.1.3",
      "13.0.0 - 13.1.0"
    ]
  },
  "D113": {
    "hardwareType": "appliance",
    "icon": "images/deviceicons/10x00.png",
    "softwareVersions": [
      "11.3.0 - 11.5.5",
      "11.6.0 - 11.6.3",
      "12.0.0 - 12.1.3",
      "13.0.0 - 13.1.0",
      "11.4.1 HF3 - 11.5.5",
      "11.6.0 - 11.6.3",
      "12.0.0 - 12.1.3",
      "13.0.0 - 13.1.0",
      "11.5.3 - 11.5.5",
      "11.6.1 - 11.6.3",
      "12.0.0 - 12.1.3",
      "13.0.0 - 13.1.0"
    ]
  },
  "D114": {
    "hardwareType": "chassis",
    "icon": "images/deviceicons/viprion_c2400.png",
    "softwareVersions": []
  },
  "D63": {
    "hardwareType": "appliance",
    "icon": "images/deviceicons/unknowndevice.png",
    "softwareVersions": [
      "9.0.0 - 9.1.3",
      "9.2.0 - 9.2.5",
      "9.3.0 - 9.3.1",
      "9.4.0 - 9.4.8",
      "10.0.0 - 10.2.4",
      "11.0.0 - 11.1.0**"
    ]
  },
  "D88": {
    "hardwareType": "appliance",
    "icon": "images/deviceicons/89x0.png",
    "softwareVersions": [
      "9.4.0 - 9.4.8",
      "10.0.0 - 10.2.4",
      "11.0.0 - 11.1.0**"
    ]
  },
  "E101": {
    "hardwareType": "appliance",
    "icon": "images/deviceicons/11x00.png",
    "softwareVersions": [
      "11.0.0 - 11.5.5",
      "11.6.0 - 11.6.3",
      "12.0.0 - 12.1.3",
      "13.0.0 - 13.1.0"
    ]
  },
  "E102": {
    "hardwareType": "appliance",
    "icon": "images/deviceicons/11x00.png",
    "softwareVersions": [
      "10.2.0 - 10.2.4",
      "11.0.0 - 11.5.5",
      "11.6.0 - 11.6.3",
      "12.0.0 - 12.1.3",
      "13.0.0 - 13.1.0"
    ]
  },
  "F100": {
    "hardwareType": "chassis",
    "icon": "images/deviceicons/viprion_c2400.png",
    "softwareVersions": []
  },
  "J100": {
    "hardwareType": "chassis",
    "icon": "images/deviceicons/viprion_4400.png",
    "softwareVersions": []
  },
  "J102": {
    "hardwareType": "chassis",
    "icon": "images/deviceicons/viprion_4400.png",
    "softwareVersions": []
  },
  "S100": {
    "hardwareType": "chassis",
    "icon": "images/deviceicons/viprion_c4800.png",
    "softwareVersions": []
  },
  "Z100": {
    "hardwareType": "virtual",
    "icon": "images/deviceicons/virtual_edition.png",
    "softwareVersions": []
  },
  "Z101": {
    "hardwareType": "virtual",
    "icon": "images/deviceicons/virtual_edition.png",
    "softwareVersions": []
  }
}
